<?xml version="1.0" encoding="UTF-8" standalone="no"?>
<Entities>
    <ExtensionPackages>
        <ExtensionPackage dependsOn="" description="" minimumThingWorxVersion="8.3.0" name="Bargroupdoubleline" packageVersion="1.0.16" vendor="IoT Centre Lab"></ExtensionPackage>
    </ExtensionPackages>
    <Widgets>
        <Widget name="Bargroupdoubleline">
            <UIResources>
                <FileResource description="" file="Bargroupdoubleline.ide.js" isDevelopment="true" isRuntime="false" type="JS" />
                <FileResource description="" file="Bargroupdoubleline.ide.css" isDevelopment="true" isRuntime="false" type="CSS" />
                <FileResource description="" file="Bargroupdoubleline.runtime.js" isDevelopment="false" isRuntime="true" type="JS" />
                <FileResource description="" file="Bargroupdoubleline.runtime.css" isDevelopment="false" isRuntime="true" type="CSS" />
                <FileResource description="" file="d3.v4.js" isDevelopment="true" isRuntime="true" type="JS" />
            </UIResources>
        </Widget>
    </Widgets>
</Entities>